{"cameraMode":{"drawMode":0,"name":"Shaded","section":"Shading Mode"},"sceneLighting":true,"audioPlay":false,"sceneViewState":{"m_AlwaysRefresh":false,"showFog":true,"showSkybox":true,"showFlares":true,"showImageEffects":true,"showParticleSystems":true,"showVisualEffectGraphs":true,"m_FxEnabled":true},"in2DMode":false,"pivot":{"x":505.2055358886719,"y":264.0733642578125,"z":-273.09356689453127},"rotation":{"x":-0.00025827623903751373,"y":0.9989597797393799,"z":-0.04529372230172157,"w":-0.00569307804107666},"size":516.8234252929688,"orthographic":false}